brand,name,price,product_code,product_ref,url
Diall,Boulon de charpente 6x16 vrac - Diall,2.00,101361,3663602755845,https://www.bricodepot.fr/catalogue/boulon-de-charpente-6x16-vrac/prod53906/
Diall,Boulon de charpente 5x30 vrac - Diall,2.00,101357,3663602755807,https://www.bricodepot.fr/catalogue/boulon-de-charpente-5x30-vrac/prod53902/
Diall,Boulon de charpente 5x20 vrac - Diall,2.00,101356,3663602755791,https://www.bricodepot.fr/catalogue/boulon-de-charpente-5x20-vrac/prod53901/
Diall,Boulon de charpente 5x16 vrac - Diall,2.00,101355,3663602755784,https://www.bricodepot.fr/catalogue/boulon-de-charpente-5x16-vrac/prod53900/
Diall,Assortiment 500 boulons tête hexagonale - Diall,15.90,101375,3663602756385,https://www.bricodepot.fr/catalogue/assortiment-500-boulons-tete-hexagonale/prod53920/
Diall,Boulon charpente Galva 16 x 250 mm - Diall,15.90,101380,3663602741404,https://www.bricodepot.fr/catalogue/boulon-charpente-galva-16-x-250-mm/prod53925/
Diall,Boulons tête hexa inox 8 x 65 mm - Diall,15.90,101257,3663602739876,https://www.bricodepot.fr/catalogue/boulons-tete-hexa-inox-8-x-65-mm/prod53802/
Diall,Boulons tête hexa inox 8 x 16 mm - Diall,15.90,101249,3663602739791,https://www.bricodepot.fr/catalogue/boulons-tete-hexa-inox-8-x-16-mm/prod53794/
Diall,Boulons tête hexa inox 10 x 40 mm - Diall,15.90,101262,3663602739920,https://www.bricodepot.fr/catalogue/boulons-tete-hexa-inox-10-x-40-mm/prod53807/
Diall,Boulons tête hexa inox 8 x 45 mm - Diall,15.90,101254,3663602739845,https://www.bricodepot.fr/catalogue/boulons-tete-hexa-inox-8-x-45-mm/prod53799/
Diall,Boulons tête hexa inox 8 x 75 mm - Diall,15.90,101259,3663602739890,https://www.bricodepot.fr/catalogue/boulons-tete-hexa-inox-8-x-75-mm/prod53804/
GoodHome,"Boulons connecteurs pour plan de travail, 15 cm 30 pièces - GoodHome",15.90,342469,3663602634577,https://www.bricodepot.fr/catalogue/boulons-connecteurs-pour-plan-de-travail-15-cm-30-pieces/prod63602/
Cooke and Lewis,20 vis d'assemblage pour meuble de cuisine - Cooke and Lewis,15.90,342453,3663602643265,https://www.bricodepot.fr/catalogue/20-vis-dassemblage-pour-meuble-de-cuisine/prod63586/
Diall,Boulons tête hexa inox 10 x 30 mm - Diall,15.90,101261,3663602739913,https://www.bricodepot.fr/catalogue/boulons-tete-hexa-inox-10-x-30-mm/prod53806/
Diall,Boulon de charpente galva 16 x 200 mm - Diall,15.90,101378,3663602741381,https://www.bricodepot.fr/catalogue/boulon-de-charpente-galva-16-x-200-mm/prod53923/
Diall,Boulons tête hexa inox 8 x 20 mm - Diall,15.90,101250,3663602739807,https://www.bricodepot.fr/catalogue/boulons-tete-hexa-inox-8-x-20-mm/prod53795/
Diall,Boulon de charpente galva 14 x 180 mm - Diall,15.90,101377,3663602741374,https://www.bricodepot.fr/catalogue/boulon-de-charpente-galva-14-x-180-mm/prod53922/
Diall,Boulons tête hexa inox 8 x 30 mm - Diall,15.90,101252,3663602739821,https://www.bricodepot.fr/catalogue/boulons-tete-hexa-inox-8-x-30-mm/prod53797/
Diall,Boulons tête hexa en acier inoxydable 5 x 16 mm - 10 boulons - Diall,15.90,101235,3663602739654,https://www.bricodepot.fr/catalogue/boulons-tete-hexa-en-acier-inoxydable-5-x-16-mm-10-boulons/prod53780/
Diall,Boulons tête hexa inox 8 x 40 mm - Diall,15.90,101253,3663602739838,https://www.bricodepot.fr/catalogue/boulons-tete-hexa-inox-8-x-40-mm/prod53798/
Diall,Boulons tête hexa inox 10 x 45 mm - Diall,15.90,101263,3663602739937,https://www.bricodepot.fr/catalogue/boulons-tete-hexa-inox-10-x-45-mm/prod53808/
Diall,Boulons tête hexa inox 6 x 65 mm - Diall,15.90,101245,3663602739753,https://www.bricodepot.fr/catalogue/boulons-tete-hexa-inox-6-x-65-mm/prod53790/
Diall,Boulons tête hexa inox 10 x 50 mm - Diall,15.90,101264,3663602739944,https://www.bricodepot.fr/catalogue/boulons-tete-hexa-inox-10-x-50-mm/prod53809/
Diall,Boulons tête hexa inox 8 x 70 mm - Diall,15.90,101258,3663602739883,https://www.bricodepot.fr/catalogue/boulons-tete-hexa-inox-8-x-70-mm/prod53803/
Diall,Boulons tête hexa inox 6 x 30 mm - Diall,15.90,101240,3663602739708,https://www.bricodepot.fr/catalogue/boulons-tete-hexa-inox-6-x-30-mm/prod53785/
Diall,Boulon de charpente galva 14 x 160 mm - Diall,15.90,101376,3663602741367,https://www.bricodepot.fr/catalogue/boulon-de-charpente-galva-14-x-160-mm/prod53921/
Diall,Boulons tête hexa inox 8 x 80 mm - Diall,15.90,101260,3663602739906,https://www.bricodepot.fr/catalogue/boulons-tete-hexa-inox-8-x-80-mm/prod53805/
Diall,Boulons tête hexa inox 8 x 50 mm - Diall,15.90,101255,3663602739852,https://www.bricodepot.fr/catalogue/boulons-tete-hexa-inox-8-x-50-mm/prod53800/
Diall,Boulons tête hexa inox 6 x 20 mm - Diall,15.90,101238,3663602739685,https://www.bricodepot.fr/catalogue/boulons-tete-hexa-inox-6-x-20-mm/prod53783/
Diall,Boulons tête hexa inox 8 x 60 mm - Diall,15.90,101256,3663602739869,https://www.bricodepot.fr/catalogue/boulons-tete-hexa-inox-8-x-60-mm/prod53801/
Diall,Boulons tête hexa inox 6 x 45 mm - Diall,15.90,101242,3663602739722,https://www.bricodepot.fr/catalogue/boulons-tete-hexa-inox-6-x-45-mm/prod53787/
Diall,Boulons tête hexa inox 6 x 50 mm - Diall,15.90,101243,3663602739739,https://www.bricodepot.fr/catalogue/boulons-tete-hexa-inox-6-x-50-mm/prod53788/
Diall,Boulons tête hexa inox 6 x 70 mm - Diall,15.90,101246,3663602739760,https://www.bricodepot.fr/catalogue/boulons-tete-hexa-inox-6-x-70-mm/prod53791/
Diall,Boulons tête hexa inox 6 x 60 mm - Diall,15.90,101244,3663602739746,https://www.bricodepot.fr/catalogue/boulons-tete-hexa-inox-6-x-60-mm/prod53789/
Brenner,Sachet de 20 boulons tête fraisée Posidriv 4 x 20 mm acier inoydable A4 - Brenner,15.90,100843,5063022018267,https://www.bricodepot.fr/catalogue/sachet-de-20-boulons-tete-fraisee-posidriv-4-x-20-mm-acier-inoydable-a4/prod88686/
Brenner,Sachet de 20 boulons tête fraisée Posidriv 4 x 30 mm acier inoydable A4 - Brenner,15.90,100844,5063022018274,https://www.bricodepot.fr/catalogue/sachet-de-20-boulons-tete-fraisee-posidriv-4-x-30-mm-acier-inoydable-a4/prod88687/
Brenner,Sachet de 20 boulons tête fraisée Posidriv 4 x 40 mm acier inoydable A4 - Brenner,15.90,100845,5063022018281,https://www.bricodepot.fr/catalogue/sachet-de-20-boulons-tete-fraisee-posidriv-4-x-40-mm-acier-inoydable-a4/prod88688/
Brenner,Sachet de 15 boulons tête fraisée Posidriv 5 x 30 mm acier inoydable A4 - Brenner,15.90,100846,5063022018298,https://www.bricodepot.fr/catalogue/sachet-de-15-boulons-tete-fraisee-posidriv-5-x-30-mm-acier-inoydable-a4/prod88689/
Brenner,Sachet de 15 boulons tête fraisée Posidriv 5 x 40 mm acier inoydable A4 - Brenner,15.90,100847,5063022018304,https://www.bricodepot.fr/catalogue/sachet-de-15-boulons-tete-fraisee-posidriv-5-x-40-mm-acier-inoydable-a4/prod88690/
Brenner,Sachet de 15 boulons tête fraisée Posidriv 5 x 50 mm acier inoydable A4 - Brenner,15.90,100848,5063022018311,https://www.bricodepot.fr/catalogue/sachet-de-15-boulons-tete-fraisee-posidriv-5-x-50-mm-acier-inoydable-a4/prod88691/
Brenner,Sachet de 15 boulons tête fraisée Posidriv 5 x 60 mm acier inoydable A4 - Brenner,15.90,100849,5063022018328,https://www.bricodepot.fr/catalogue/sachet-de-15-boulons-tete-fraisee-posidriv-5-x-60-mm-acier-inoydable-a4/prod88692/
Brenner,Sachet de 12 boulons tête fraisée Posidriv 6 x 40 mm acier inoydable A4 - Brenner,15.90,100850,5063022018335,https://www.bricodepot.fr/catalogue/sachet-de-12-boulons-tete-fraisee-posidriv-6-x-40-mm-acier-inoydable-a4/prod88693/
Brenner,Sachet de 12 boulons tête fraisée Posidriv 6 x 50 mm acier inoydable A4 - Brenner,15.90,100851,5063022018342,https://www.bricodepot.fr/catalogue/sachet-de-12-boulons-tete-fraisee-posidriv-6-x-50-mm-acier-inoydable-a4/prod88694/
Brenner,Sachet de 12 boulons tête fraisée Posidriv 6 x 60 mm acier inoydable A4 - Brenner,15.90,100852,5063022018359,https://www.bricodepot.fr/catalogue/sachet-de-12-boulons-tete-fraisee-posidriv-6-x-60-mm-acier-inoydable-a4/prod88695/
Brenner,Sachet de 50 boulons tête fraisée Posidriv 4 x 20 mm acier inoydable A2 - Brenner,15.90,100853,5063022018465,https://www.bricodepot.fr/catalogue/sachet-de-50-boulons-tete-fraisee-posidriv-4-x-20-mm-acier-inoydable-a2/prod88696/
Brenner,Sachet de 50 boulons tête fraisée Posidriv 4 x 30 mm acier inoydable A2 - Brenner,15.90,100854,5063022018472,https://www.bricodepot.fr/catalogue/sachet-de-50-boulons-tete-fraisee-posidriv-4-x-30-mm-acier-inoydable-a2/prod88697/
Brenner,Sachet de 50 boulons tête fraisée Posidriv 4 x 40 mm acier inoydable A2 - Brenner,15.90,100855,5063022018489,https://www.bricodepot.fr/catalogue/sachet-de-50-boulons-tete-fraisee-posidriv-4-x-40-mm-acier-inoydable-a2/prod88698/
Brenner,Sachet de 40 boulons tête fraisée Posidriv 5 x 30 mm acier inoydable A2 - Brenner,15.90,100856,5063022018496,https://www.bricodepot.fr/catalogue/sachet-de-40-boulons-tete-fraisee-posidriv-5-x-30-mm-acier-inoydable-a2/prod88699/
Brenner,Sachet de 40 boulons tête fraisée Posidriv 5 x 40 mm acier inoydable A2 - Brenner,15.90,100857,5063022018502,https://www.bricodepot.fr/catalogue/sachet-de-40-boulons-tete-fraisee-posidriv-5-x-40-mm-acier-inoydable-a2/prod88700/
Brenner,Sachet de 40 boulons tête fraisée Posidriv 5 x 50 mm acier inoydable A2 - Brenner,15.90,100858,5063022018519,https://www.bricodepot.fr/catalogue/sachet-de-40-boulons-tete-fraisee-posidriv-5-x-50-mm-acier-inoydable-a2/prod88701/
Brenner,Sachet de 40 boulons tête fraisée Posidriv 5 x 60 mm acier inoydable A2 - Brenner,15.90,100859,5063022018526,https://www.bricodepot.fr/catalogue/sachet-de-40-boulons-tete-fraisee-posidriv-5-x-60-mm-acier-inoydable-a2/prod88702/
Brenner,Sachet de 30 boulons tête fraisée Posidriv 6 x 40 mm acier inoydable A2 - Brenner,15.90,100860,5063022018533,https://www.bricodepot.fr/catalogue/sachet-de-30-boulons-tete-fraisee-posidriv-6-x-40-mm-acier-inoydable-a2/prod88703/
Brenner,Sachet de 30 boulons tête fraisée Posidriv 6 x 50 mm acier inoydable A2 - Brenner,15.90,100861,5063022018540,https://www.bricodepot.fr/catalogue/sachet-de-30-boulons-tete-fraisee-posidriv-6-x-50-mm-acier-inoydable-a2/prod88704/
Brenner,Sachet de 30 boulons tête fraisée Posidriv 6 x 60 mm acier inoydable A2 - Brenner,15.90,100862,5063022018557,https://www.bricodepot.fr/catalogue/sachet-de-30-boulons-tete-fraisee-posidriv-6-x-60-mm-acier-inoydable-a2/prod88705/
Diall,Boulon de charpente 4x50 vrac - Diall,2.00,101354,3663602755777,https://www.bricodepot.fr/catalogue/boulon-de-charpente-4x50-vrac/prod53899/
Diall,Boulon de charpente 4x40 vrac - Diall,2.00,101353,3663602755760,https://www.bricodepot.fr/catalogue/boulon-de-charpente-4x40-vrac/prod53898/
Diall,Boulon de charpente 4x30 vrac - Diall,2.00,101352,3663602755753,https://www.bricodepot.fr/catalogue/boulon-de-charpente-4x30-vrac/prod53897/
Diall,Boulon de charpente 4x20 vrac - Diall,2.00,101350,3663602755739,https://www.bricodepot.fr/catalogue/boulon-de-charpente-4x20-vrac/prod53895/
Diall,Boulon de charpente 4x16 vrac - Diall,2.00,101349,3663602755722,https://www.bricodepot.fr/catalogue/boulon-de-charpente-4x16-vrac/prod53894/
Diall,Boulon de charpente 4x10 vrac - Diall,2.00,101348,3663602755715,https://www.bricodepot.fr/catalogue/boulon-de-charpente-4x10-vrac/prod53893/
Diall,Boulon hexa or en acier carbone 5x30 - Diall,2.00,101334,3663602755289,https://www.bricodepot.fr/catalogue/boulon-hexa-or-en-acier-carbone-5x30/prod53879/
Diall,Boulons tête hexa inox 10 x 50 mm 4 kg  - Diall,2.00,101079,3663602755166,https://www.bricodepot.fr/catalogue/boulons-tete-hexa-inox-10-x-50-mm-4-kg-/prod53624/
Diall,Boulon de charpente 16 x 225 mm - Diall,2.00,101379,3663602741398,https://www.bricodepot.fr/catalogue/boulon-de-charpente-16-x-225-mm/prod53924/
Thirard,Serrure 3 points à fouillot droite 4 clés - 23x45 mm - Thirard,31.70,161257,3150266501104,https://www.bricodepot.fr/catalogue/serrure-3-points-a-fouillot-droite-4-cles-23x45-mm/prod1559/
Thirard,Serrure 3 points à fouillot gauche 4 clés - 23x45 mm - Thirard,31.70,161256,3150266501203,https://www.bricodepot.fr/catalogue/serrure-3-points-a-fouillot-gauche-4-cles-23x45-mm/prod1558/
Thirard,"Boîtier de crémone en fonte 1,30 m - Thirard",31.70,161822,3150266160226,https://www.bricodepot.fr/catalogue/boitier-de-cremone-en-fonte-130m/prod1518/
,"Boite de 200 vis à bois TTAP filet partiel ZN TX25 Ø 5,0 X 60 mm",29.50,100707,3545539937443,https://www.bricodepot.fr/catalogue/boite-de-200-vis-a-bois-ttap-filet-partiel-zn-tx25--50-x-60-mm/prod88326/
,"Boite de 200 vis à bois TTAP filet partiel ZN TX25 Ø5,0 X 70 mm",29.50,100708,3545539937450,https://www.bricodepot.fr/catalogue/boite-de-200-vis-a-bois-ttap-filet-partiel-zn-tx25-50-x-70-mm/prod88327/
,"Boite de 200 vis à bois TTAP filet partiel ZN TX25 Ø 5,0 X 80 mm",29.50,100709,3545539937467,https://www.bricodepot.fr/catalogue/boite-de-200-vis-a-bois-ttap-filet-partiel-zn-tx25--50-x-80-mm/prod88328/
,"Boite de 100 vis à bois TTAP filet partiel ZN TX30 Ø 6,0 X 80 mm",29.50,100710,3545539937535,https://www.bricodepot.fr/catalogue/boite-de-100-vis-a-bois-ttap-filet-partiel-zn-tx30--60-x-80-mm/prod88329/
,"Boite de 100 vis à bois TTAP filet partiel ZN TX30 Ø 6,0 X 90 mm",29.50,100711,3545539937542,https://www.bricodepot.fr/catalogue/boite-de-100-vis-a-bois-ttap-filet-partiel-zn-tx30--60-x-90-mm/prod88330/
,"Boite de 100 vis à bois TTAP filet partiel ZN TX30 Ø 6,0 X 100 mm",29.50,100712,3545539937559,https://www.bricodepot.fr/catalogue/boite-de-100-vis-a-bois-ttap-filet-partiel-zn-tx30--60-x-100-mm/prod88331/
,"Boite de 100 vis à bois TTAP filet partiel ZN TX30 Ø 6,0 X 120 mm",29.50,100713,3545539937566,https://www.bricodepot.fr/catalogue/boite-de-100-vis-a-bois-ttap-filet-partiel-zn-tx30--60-x-120-mm/prod88332/
,"Boite de 100 vis à bois TTAP filet partiel ZN TX30 Ø 6,0 X 140 mm",29.50,100714,3545539937573,https://www.bricodepot.fr/catalogue/boite-de-100-vis-a-bois-ttap-filet-partiel-zn-tx30--60-x-140-mm/prod88333/
,3 embouts TTAP torx revêtement zingué CR3 Ø 20-25-30,29.50,100715,3238761733869,https://www.bricodepot.fr/catalogue/3-embouts-ttap-torx-revetement-zingue-cr3--20-25-30/prod88334/
Turbodrive,Seau de 500 VIS terrasse 4 X 50 A2 + embout - Turbodrive,29.50,101800,5059340093925,https://www.bricodepot.fr/catalogue/seau-de-500-vis-terrasse-4-x-50-a2-embout/prod77346/
Diall,"Vis plaque de plâtre noires - 4,2 x 70 mm - 200 pièces  - Diall",29.50,100563,3663602750857,https://www.bricodepot.fr/catalogue/vis-plaque-de-platre-noires-42-x-70-mm-200-pieces-/prod86500/
Diall,"Vis plaque de plâtre noires 3,5 x 55 - 2 kg - Diall",29.50,100561,3663602750833,https://www.bricodepot.fr/catalogue/vis-plaque-de-platre-noires-35-x-55-2-kg/prod86498/
Diall,"Vis plaque de plâtre noires  3,5 x 55 mm - 1000 pièces - Diall",29.50,100560,3663602750826,https://www.bricodepot.fr/catalogue/vis-plaque-de-platre-noires-35-x-55-mm-1000-pieces/prod86497/
Diall,"Vis plaque de plâtre noires - 3,5 x 45 mm - 2 kg - Diall",29.50,100559,3663602750789,https://www.bricodepot.fr/catalogue/vis-plaque-de-platre-noires-35-x-45-mm-2-kg/prod86496/
Diall,"Vis plaque de plâtre noires - 3,5 X 45 mm - 1000 pièces - Diall",29.50,100558,3663602750772,https://www.bricodepot.fr/catalogue/vis-plaque-de-platre-noires-35-x-45-mm-1000-pieces/prod86495/
Diall,"Vis plaque de plâtre noires - 3,5 x 35 mm - 2 kg - Diall",29.50,100557,3663602750710,https://www.bricodepot.fr/catalogue/vis-plaque-de-platre-noires-35-x-35-mm-2-kg/prod86494/
Diall,"Vis plaque de plâtre noires - 3,5 x 35 mm - 1000 pièces - Diall",29.50,100556,3663602750703,https://www.bricodepot.fr/catalogue/vis-plaque-de-platre-noires-35-x-35-mm-1000-pieces/prod86493/
Diall,"Vis plaque plâtre noir - 3,5X25 mm - 2 Kg - Diall",29.50,100554,3663602750673,https://www.bricodepot.fr/catalogue/vis-plaque-platre-noir-35x25-mm-2-kg/prod86491/
Diall,"Vis Plaque de Plâtre Noires - 3,5 x 25 mm - 1000 pièces - Diall",29.50,100553,3663602750666,https://www.bricodepot.fr/catalogue/vis-plaque-de-platre-noires-35-x-25-mm-1000-pieces/prod86490/
Diall,"Vis plate de plâtre noires vrac - 4,2 x 80 mm - Diall",29.50,100565,3663602750871,https://www.bricodepot.fr/catalogue/vis-plate-de-platre-noires-vrac-42-x-80-mm/prod86502/
Diall,"Vis plaque de pâtre noir - 4,2 X 90 mm - 200 pièces - Diall",29.50,100567,3663602750918,https://www.bricodepot.fr/catalogue/vis-plaque-de-patre-noir-42-x-90-mm-200-pieces/prod86504/
Diall,"Vis plaque de pâtre noir - 4,8 X 90 mm - 200 pièces - Diall",29.50,100568,3663602750925,https://www.bricodepot.fr/catalogue/vis-plaque-de-patre-noir-48-x-90-mm-200-pieces/prod86505/
Diall,"Vis plaque de plâtre noires - 4,8 x 100 mm - 200 pièces - Diall",29.50,100569,3663602750949,https://www.bricodepot.fr/catalogue/vis-plaque-de-platre-noires-48-x-100-mm-200-pieces/prod86506/
Diall,"Vis plaque de plâtre noires - 4,8 x 120 mm - 200 pièces - Diall",29.50,100571,3663602750987,https://www.bricodepot.fr/catalogue/vis-plaque-de-platre-noires-48-x-120-mm-200-pieces/prod86508/
Diall,"Vis plaque de plâtre noires - 4,8 x 140 mm - 200 pièces - Diall",29.50,100572,3663602751007,https://www.bricodepot.fr/catalogue/vis-plaque-de-platre-noires-48-x-140-mm-200-pieces/prod86509/
Diall,"Vis plaque de plâtre autoperçantes - 3,5 x 25 mm - 1000 pièces - Diall",29.50,100573,3663602751021,https://www.bricodepot.fr/catalogue/vis-plaque-de-platre-autopercantes-35-x-25-mm-1000-pieces/prod86510/
Diall,"Vis plaque de plâtre autoperçantes - 3,5 x 35 mm - 1000 pièces - Diall",29.50,100574,3663602751045,https://www.bricodepot.fr/catalogue/vis-plaque-de-platre-autopercantes-35-x-35-mm-1000-pieces/prod86511/
Diall,"Vis plaque de plâtre autoperçantes - 3,5 x 45 mm - 1000 pièces - Diall",29.50,100575,3663602751076,https://www.bricodepot.fr/catalogue/vis-plaque-de-platre-autopercantes-35-x-45-mm-1000-pieces/prod86512/
Diall,"Vis plaque de plâtre autoperçantes - 3,5 x 55 mm - 1000 pièces - Diall",29.50,100576,3663602751106,https://www.bricodepot.fr/catalogue/vis-plaque-de-platre-autopercantes-35-x-55-mm-1000-pieces/prod86513/
Diall,"Vis plaque de plâtre autoperçantes - 4,2 x 70 mm - 200 pièces - Diall",29.50,100577,3663602751120,https://www.bricodepot.fr/catalogue/vis-plaque-de-platre-autopercantes-42-x-70-mm-200-pieces/prod86514/
Diall,"Vis plaque de plâtre autoperçantes - 4,2 x 80 mm - 200 pièces - Diall",29.50,100578,3663602751137,https://www.bricodepot.fr/catalogue/vis-plaque-de-platre-autopercantes-42-x-80-mm-200-pieces/prod86515/
Diall,"Vis plaque de plâtre noires - 4,2 x 80 mm - 200 pièces - Diall",29.50,100566,3663602750888,https://www.bricodepot.fr/catalogue/vis-plaque-de-platre-noires-42-x-80-mm-200-pieces/prod86503/
Diall,"Vis agglo tête plate - 3,5 x 40 mm - 500 pièces - Diall",29.50,100494,3663602745730,https://www.bricodepot.fr/catalogue/vis-agglo-tete-plate-35-x-40-mm-500-pieces-/prod86070/
Diall,Vis agglo tête plate - 4 x 40 mm - 500 pièces - Diall,29.50,100495,3663602745747,https://www.bricodepot.fr/catalogue/vis-agglo-tete-plate-4-x-40-mm-500-pieces/prod86071/
Diall,Vis agglo tête plate 6 x 50 mm - 100 pièces - Diall,29.50,100496,3663602745853,https://www.bricodepot.fr/catalogue/vis-agglo-tete-plate-6-x-50-mm-100-pieces/prod86072/
Diall,Vis agglo tête plate 6 x 60 mm - 100 pièces - Diall,29.50,100498,3663602745983,https://www.bricodepot.fr/catalogue/vis-agglo-tete-plate-6-x-60-mm-100-pieces/prod86074/
Diall,Vis agglo tête plate - 5 x 70 mm - 500 pièces - Diall,29.50,100499,3663602746096,https://www.bricodepot.fr/catalogue/vis-agglo-tete-plate-5-x-70-mm-500-pieces/prod86075/
Diall,Vis agglo tête plate 5 x 80 mm - 500 pièces - Diall,29.50,100500,3663602746164,https://www.bricodepot.fr/catalogue/vis-agglo-tete-plate-5-x-80-mm-500-pieces/prod86076/
Diall,Assortiment de vis agglo - 1200 pièces - Diall,29.50,100501,3663602751908,https://www.bricodepot.fr/catalogue/assortiment-de-vis-agglo-1200-pieces/prod86077/
Diall,Vis agglo tête plate 4 x 25 mm - 500 pièces - Diall,29.50,100502,3663602745464,https://www.bricodepot.fr/catalogue/vis-agglo-tete-plate-4-x-25-mm-500-pieces/prod86078/
Diall,Vis agglo tête plate 4 x 30 mm - 500 pièces - Diall,29.50,100503,3663602745594,https://www.bricodepot.fr/catalogue/vis-agglo-tete-plate-4-x-30-mm-500-pieces/prod86079/
Diall,Vis agglo tête plate - 5 x 30 mm - 500 pièces - Diall,29.50,100504,3663602745617,https://www.bricodepot.fr/catalogue/vis-agglo-tete-plate-5-x-30-mm-500-pieces/prod86080/
Diall,"Vis plate de plâtre noires vrac - 3,5 x 25 mm - Diall",29.50,100552,3663602750642,https://www.bricodepot.fr/catalogue/vis-plate-de-platre-noires-vrac-35-x-25-mm/prod86489/
Diall,"Vis pour plaque de plâtre 4,8 x 110 mm - Noir - 200 pièces - Diall",29.50,100570,3663602750963,https://www.bricodepot.fr/catalogue/vis-pour-plaque-de-platre-48-x-110-mm-noir-200-pieces/prod86507/
,VIS AGGLO TÊTE RONDE POZIDRIV 4 x 20 Sachet de 50,29.50,111963,3514001002712,https://www.bricodepot.fr/catalogue/vis-agglo-tete-ronde-pozidriv-4-x-20-sachet-de-50/prod875/
,500 V.AGGLO TR AZ BICHRO 5X30 5 x 30 ,29.50,112514,3101785079995,https://www.bricodepot.fr/catalogue/500-vagglo-tr-az-bichro-5x30-5-x-30-/prod5210/
,TIREFONDS 8 x 80 ,29.50,112542,3101785080052,https://www.bricodepot.fr/catalogue/tirefonds-8-x-80-/prod1122/
Brenner,Boite de 2 kg de vis de toiture tête hexagonale 5.5 x 80 mm - Brenner,29.50,100825,5063022018878,https://www.bricodepot.fr/catalogue/boite-de-2-kg-de-vis-de-toiture-tete-hexagonale-55-x-80-mm/prod89035/
Brenner,"Vis ossature PT/PZ - 4,2 X 13  - Boîte de 2KG - Brenner",29.50,101879,5059340916682,https://www.bricodepot.fr/catalogue/vis-ossature-ptpz-42-x-13-boite-de-2kg/prod93558/
Brenner,Sachet de 15 boulons tête hexagonale 6 x 50 mm acier inoxydable A4 - Brenner,26.50,107908,5063022018199,https://www.bricodepot.fr/catalogue/sachet-de-15-boulons-tete-hexagonale-6-x-50-mm-acier-inoxydable-a4/prod88837/
Brenner,Sachet de 15 boulons tête hexagonale 6 x 60 mm acier inoxydable A4 - Brenner,26.50,107909,5063022018205,https://www.bricodepot.fr/catalogue/sachet-de-15-boulons-tete-hexagonale-6-x-60-mm-acier-inoxydable-a4/prod88838/
Brenner,Sachet de 12 boulons tête hexagonale 8 x 40 mm acier inoxydable A4 - Brenner,26.50,107910,5063022018212,https://www.bricodepot.fr/catalogue/sachet-de-12-boulons-tete-hexagonale-8-x-40-mm-acier-inoxydable-a4/prod88839/
Brenner,Sachet de 12 boulons tête hexagonale 8 x 50 mm acier inoxydable A4 - Brenner,26.50,107911,5063022018229,https://www.bricodepot.fr/catalogue/sachet-de-12-boulons-tete-hexagonale-8-x-50-mm-acier-inoxydable-a4/prod88840/
Brenner,Sachet de 12 boulons tête hexagonale 8 x 60 mm acier inoxydable A4 - Brenner,26.50,107912,5063022018236,https://www.bricodepot.fr/catalogue/sachet-de-12-boulons-tete-hexagonale-8-x-60-mm-acier-inoxydable-a4/prod88841/
Brenner,Sachet de 10 boulons tête hexagonale 10 x 60 mm acier inoxydable A4 - Brenner,26.50,107913,5063022018243,https://www.bricodepot.fr/catalogue/sachet-de-10-boulons-tete-hexagonale-10-x-60-mm-acier-inoxydable-a4/prod88842/
Brenner,Sachet de 10 boulons tête hexagonale 10 x 80 mm acier inoxydable A4 - Brenner,26.50,107914,5063022018250,https://www.bricodepot.fr/catalogue/sachet-de-10-boulons-tete-hexagonale-10-x-80-mm-acier-inoxydable-a4/prod88843/
Brenner,Sachet de 50 boulons tête hexagonale 5 x 30 mm acier inoxydable A2 - Brenner,26.50,107915,5063022018366,https://www.bricodepot.fr/catalogue/sachet-de-50-boulons-tete-hexagonale-5-x-30-mm-acier-inoxydable-a2/prod88844/
Brenner,Sachet de 50 boulons tête hexagonale 5 x 40 mm acier inoxydable A2 - Brenner,26.50,107916,5063022018373,https://www.bricodepot.fr/catalogue/sachet-de-50-boulons-tete-hexagonale-5-x-40-mm-acier-inoxydable-a2/prod88845/
Brenner,Sachet de 40 boulons tête hexagonale 6 x 40 mm acier inoxydable A2 - Brenner,26.50,107917,5063022018380,https://www.bricodepot.fr/catalogue/sachet-de-40-boulons-tete-hexagonale-6-x-40-mm-acier-inoxydable-a2/prod88846/
Brenner,Sachet de 40 boulons tête hexagonale 6 x 50 mm acier inoxydable A2 - Brenner,26.50,107918,5063022018397,https://www.bricodepot.fr/catalogue/sachet-de-40-boulons-tete-hexagonale-6-x-50-mm-acier-inoxydable-a2/prod88847/
Brenner,Sachet de 40 boulons tête hexagonale 6 x 60 mm acier inoxydable A2 - Brenner,26.50,107919,5063022018403,https://www.bricodepot.fr/catalogue/sachet-de-40-boulons-tete-hexagonale-6-x-60-mm-acier-inoxydable-a2/prod88848/
Brenner,Sachet de 30 boulons tête hexagonale 8 x 40 mm acier inoxydable A2 - Brenner,26.50,107920,5063022018410,https://www.bricodepot.fr/catalogue/sachet-de-30-boulons-tete-hexagonale-8-x-40-mm-acier-inoxydable-a2/prod88849/
Brenner,Sachet de 30 boulons tête hexagonale 8 x 50 mm acier inoxydable A2 - Brenner,26.50,107921,5063022018427,https://www.bricodepot.fr/catalogue/sachet-de-30-boulons-tete-hexagonale-8-x-50-mm-acier-inoxydable-a2/prod88850/
Brenner,Sachet de 30 boulons tête hexagonale 8 x 60 mm acier inoxydable A2 - Brenner,26.50,107922,5063022018434,https://www.bricodepot.fr/catalogue/sachet-de-30-boulons-tete-hexagonale-8-x-60-mm-acier-inoxydable-a2/prod88851/
Brenner,Sachet de 20 boulons tête hexagonale 10 x 60 mm acier inoxydable A2 - Brenner,26.50,107923,5063022018441,https://www.bricodepot.fr/catalogue/sachet-de-20-boulons-tete-hexagonale-10-x-60-mm-acier-inoxydable-a2/prod88852/
Brenner,Sachet de 20 boulons tête hexagonale 10 x 80 mm acier inoxydable A2 - Brenner,26.50,107924,5063022018458,https://www.bricodepot.fr/catalogue/sachet-de-20-boulons-tete-hexagonale-10-x-80-mm-acier-inoxydable-a2/prod88853/
Brenner,Sachet de 20 boulons tête hexagonale 5 x 30 mm acier inoxydable A4 - Brenner,26.50,107942,5063022018168,https://www.bricodepot.fr/catalogue/sachet-de-20-boulons-tete-hexagonale-5-x-30-mm-acier-inoxydable-a4/prod88871/
Brenner,Sachet de 20 boulons tête hexagonale 5 x 40 mm acier inoxydable A4 - Brenner,26.50,107943,5063022018175,https://www.bricodepot.fr/catalogue/sachet-de-20-boulons-tete-hexagonale-5-x-40-mm-acier-inoxydable-a4/prod88872/
Brenner,Sachet de 15 boulons tête hexagonale 6 x 40 mm acier inoxydable A4 - Brenner,26.50,107944,5063022018182,https://www.bricodepot.fr/catalogue/sachet-de-15-boulons-tete-hexagonale-6-x-40-mm-acier-inoxydable-a4/prod88873/
Brenner,"Boite de 2 kg de boulons TRCC 5 x 70 mm acier (classe 4,8) - Brenner",26.50,100905,5063022015907,https://www.bricodepot.fr/catalogue/boite-de-2-kg-de-boulons-trcc-5-x-70-mm-acier-classe-48/prod89746/
Brenner,"Boite de 2 kg de boulons TRCC 5 x 40 mm acier (classe 4,8) - Brenner",26.50,100906,5063022015914,https://www.bricodepot.fr/catalogue/boite-de-2-kg-de-boulons-trcc-5-x-40-mm-acier-classe-48/prod89747/
Brenner,"Boite de 2 kg de boulons TRCC 5 x 50 mm acier (classe 4,8) - Brenner",26.50,100907,5063022015921,https://www.bricodepot.fr/catalogue/boite-de-2-kg-de-boulons-trcc-5-x-50-mm-acier-classe-48/prod89748/
Brenner,"Boite de 2 kg de boulons TRCC 6 x 60 mm acier (classe 4,8) - Brenner",26.50,100908,5063022015938,https://www.bricodepot.fr/catalogue/boite-de-2-kg-de-boulons-trcc-6-x-60-mm-acier-classe-48/prod89749/
Brenner,"Boite de 2 kg de boulons TRCC 6 x 70 mm acier (classe 4,8) - Brenner",26.50,100909,5063022015945,https://www.bricodepot.fr/catalogue/boite-de-2-kg-de-boulons-trcc-6-x-70-mm-acier-classe-48/prod89750/
Brenner,"Boite de 2 kg de boulons TRCC 6 x 80 mm acier (classe 4,8) - Brenner",26.50,100910,5063022015952,https://www.bricodepot.fr/catalogue/boite-de-2-kg-de-boulons-trcc-6-x-80-mm-acier-classe-48/prod89751/
Brenner,"Boite de 2 kg de boulons TRCC 7 x 50 mm acier (classe 4,8) - Brenner",26.50,100911,5063022015969,https://www.bricodepot.fr/catalogue/boite-de-2-kg-de-boulons-trcc-7-x-50-mm-acier-classe-48/prod89752/
Brenner,"Boite de 2 kg de boulons TRCC 7 x 70 mm acier (classe 4,8) - 110 pièces - Brenner",26.50,100912,5063022015976,https://www.bricodepot.fr/catalogue/boite-de-2-kg-de-boulons-trcc-7-x-70-mm-acier-classe-48-110-pieces/prod89753/
Brenner,"Boite de 2 kg de boulons TRCC 7 x 70 mm acier (classe 4,8) - Brenner",26.50,100913,5063022015983,https://www.bricodepot.fr/catalogue/boite-de-2-kg-de-boulons-trcc-7-x-70-mm-acier-classe-48/prod89754/
Brenner,"Boite de 2 kg de boulons TRCC 7 x 60 mm acier (classe 4,8) - Brenner",26.50,100914,5063022015990,https://www.bricodepot.fr/catalogue/boite-de-2-kg-de-boulons-trcc-7-x-60-mm-acier-classe-48/prod89755/
Brenner,"Boite de 2 kg de boulons TRCC 8 x 60 mm acier (classe 4,8) - Brenner",26.50,100915,5063022016003,https://www.bricodepot.fr/catalogue/boite-de-2-kg-de-boulons-trcc-8-x-60-mm-acier-classe-48/prod89756/
Brenner,"Boite de 2 kg de boulons TRCC 8 x 70 mm acier (classe 4,8) - Brenner",26.50,100916,5063022016010,https://www.bricodepot.fr/catalogue/boite-de-2-kg-de-boulons-trcc-8-x-70-mm-acier-classe-48/prod89757/
Brenner,"Boite de 2 kg de boulons TRCC 8 x 80 mm acier (classe 4,8) - Brenner",26.50,100917,5063022016027,https://www.bricodepot.fr/catalogue/boite-de-2-kg-de-boulons-trcc-8-x-80-mm-acier-classe-48/prod89758/
Brenner,"Boite de 2 kg de boulons TRCC 8 x 100 mm acier (classe 4,8) - Brenner",26.50,100918,5063022016034,https://www.bricodepot.fr/catalogue/boite-de-2-kg-de-boulons-trcc-8-x-100-mm-acier-classe-48/prod89759/
Brenner,"Boite de 2 kg de boulons TRCC 8 x 120 mm acier (classe 4,8) - Brenner",26.50,100919,5063022016041,https://www.bricodepot.fr/catalogue/boite-de-2-kg-de-boulons-trcc-8-x-120-mm-acier-classe-48/prod89760/
Brenner,"Boite de 2 kg de boulons poêlier 5 x 30 mm acier (classe 4,8) - Brenner",26.50,100953,5063022016058,https://www.bricodepot.fr/catalogue/boite-de-2-kg-de-boulons-poelier-5-x-30-mm-acier-classe-48/prod89794/
Brenner,"Boite de 2 kg de boulons poêlier  5 x 40 mm acier (classe 4,8) - Brenner",26.50,100954,5063022016065,https://www.bricodepot.fr/catalogue/boite-de-2-kg-de-boulons-poelier-5-x-40-mm-acier-classe-48/prod89795/
Brenner,"Boite de 2 kg de boulons poêlier 5 x 60 mm acier (classe 4,8) - Brenner",26.50,100955,5063022016072,https://www.bricodepot.fr/catalogue/boite-de-2-kg-de-boulons-poelier-5-x-60-mm-acier-classe-48/prod89796/
Brenner,"Boite de 2 kg de boulons poêlier 6 x 20 mm acier (classe 4,8) - Brenner",26.50,100956,5063022016089,https://www.bricodepot.fr/catalogue/boite-de-2-kg-de-boulons-poelier-6-x-20-mm-acier-classe-48/prod89797/
Brenner,"Boite de 2 kg de boulons poêlier 6 x 40 mm acier (classe 4,8) - Brenner",26.50,100957,5063022016096,https://www.bricodepot.fr/catalogue/boite-de-2-kg-de-boulons-poelier-6-x-40-mm-acier-classe-48/prod89798/
Brenner,"Boite de 2 kg de boulons poêlier 6 x 50 mm acier (classe 4,8) - Brenner",26.50,100958,5063022016102,https://www.bricodepot.fr/catalogue/boite-de-2-kg-de-boulons-poelier-6-x-50-mm-acier-classe-48/prod89799/
Brenner,"Boite de 2 kg de boulons poêlier 6 x 60 mm acier (classe 4,8) - Brenner",26.50,100959,5063022016119,https://www.bricodepot.fr/catalogue/boite-de-2-kg-de-boulons-poelier-6-x-60-mm-acier-classe-48/prod89800/
Brenner,"Boite de 2 kg de boulons poêlier 6 x 80 mm acier (classe 4,8) - Brenner",26.50,100960,5063022016126,https://www.bricodepot.fr/catalogue/boite-de-2-kg-de-boulons-poelier-6-x-80-mm-acier-classe-48/prod89801/
Brenner,"Boite de 2 kg de boulons poêlier 6 x 100 mm acier (classe 4,8) - Brenner",26.50,100961,5063022016133,https://www.bricodepot.fr/catalogue/boite-de-2-kg-de-boulons-poelier-6-x-100-mm-acier-classe-48/prod89802/
Brenner,"Boite de 2 kg de boulons poêlier 8 x 40 mm acier (classe 4,8) - Brenner",26.50,100962,5063022016140,https://www.bricodepot.fr/catalogue/boite-de-2-kg-de-boulons-poelier-8-x-40-mm-acier-classe-48/prod89803/
Brenner,"Boite de 2 kg de boulons poêlier 8 x 60 mm acier (classe 4,8) - Brenner",26.50,100963,5063022016157,https://www.bricodepot.fr/catalogue/boite-de-2-kg-de-boulons-poelier-8-x-60-mm-acier-classe-48/prod89804/
Brenner,"Boite de 2 kg de boulons poêlier 8 x 80 mm acier (classe 4,8) - Brenner",26.50,100964,5063022016164,https://www.bricodepot.fr/catalogue/boite-de-2-kg-de-boulons-poelier-8-x-80-mm-acier-classe-48/prod89805/
Brenner,"Boite de 2 kg de boulons poêlier 8 x 100 mm acier (classe 4,8) - Brenner",26.50,100965,5063022016171,https://www.bricodepot.fr/catalogue/boite-de-2-kg-de-boulons-poelier-8-x-100-mm-acier-classe-48/prod89806/
Brenner,"Boite de 2 kg de boulons poêlier 10 x 80 mm acier (classe 4,8) - Brenner",26.50,100966,5063022016188,https://www.bricodepot.fr/catalogue/boite-de-2-kg-de-boulons-poelier-10-x-80-mm-acier-classe-48/prod89807/
Brenner,"Boite de 2 kg de boulons poêlier 10 x 100 mm acier (classe 4,8) - Brenner",26.50,100967,5063022016195,https://www.bricodepot.fr/catalogue/boite-de-2-kg-de-boulons-poelier-10-x-100-mm-acier-classe-48/prod89808/
Decayeux,"Boîte aux lettres ""Dome"" double face - Pierre - Decayeux",39.90,100293,3015821247623,https://www.bricodepot.fr/catalogue/boite-aux-lettres-dome-double-face-pierre/prod79481/
GoodHome,"Kit barre à rideau extensible ""Antiki"" 2 embouts boule 120/210 cm - GoodHome",10.90,130535,3663602454076,https://www.bricodepot.fr/catalogue/kit-barre-a-rideau-extensible-antiki-2-embouts-boule-120210-cm/prod63065/
Diall,"Corde tressée pp 20 m - 2,8 mm bleu - Diall",5.20,150131,3663602919056,https://www.bricodepot.fr/catalogue/corde-tressee-pp-20-m-28-mm-bleu/prod49334/
Diall,"Corde tressée pp 20m-2,8mm vert - Diall",5.20,150130,3663602919049,https://www.bricodepot.fr/catalogue/corde-tressee-pp-20m-28mm-vert/prod49333/
Diall,"Cordage coton 60 m - 1,2 mm - Diall",5.20,150143,3663602919490,https://www.bricodepot.fr/catalogue/cordage-coton-60-m-12-mm/prod49346/
Diall,Corde a linge pp 10 m - 4mm - Diall,5.20,150145,3663602921509,https://www.bricodepot.fr/catalogue/corde-a-linge-pp-10-m-4mm/prod49228/
Diall,Poulie de hissage à crochet 80 mm Ø - Diall,5.20,150087,3663602920052,https://www.bricodepot.fr/catalogue/poulie-de-hissage-a-crochet-80-mm-/prod49216/
Diall,"Ficelle pp blanche 50m-1,5mm - Diall",5.20,150028,3663602919575,https://www.bricodepot.fr/catalogue/ficelle-pp-blanche-50m-15mm/prod49140/
Diall,Corde tressée pp 10 m - 5 mm - Diall,5.20,150132,3663602919087,https://www.bricodepot.fr/catalogue/corde-tressee-pp-10-m-5-mm/prod49335/
Diall,Poulie à crochet pivotant ⌀ 40 mm - Diall,5.20,150086,3663602920038,https://www.bricodepot.fr/catalogue/poulie-a-crochet-pivotant--40-mm/prod49300/
Diall,Poulie à œil fixe 35 mm Ø - Diall,5.20,150088,3663602920137,https://www.bricodepot.fr/catalogue/poulie-a-il-fixe-35-mm-/prod49301/
Diall,Cordage 10 m Diam. 12 mm - Diall,5.20,160333,3663602919421,https://www.bricodepot.fr/catalogue/cordage-10-m-diam-12-mm/prod58512/
Diall,Cordage - 10 m x 10 mm - Diall,5.20,150141,3663602919414,https://www.bricodepot.fr/catalogue/cordage-10-m-x-10-mm/prod49344/
Diall,Cordage sisal - 10 m x 8 mm - Diall,5.20,150025,3663602919469,https://www.bricodepot.fr/catalogue/cordage-sisal-10-m-x-8-mm/prod49137/
Diall,Corde tressée PP - 10 m x 5 mm - Diall,5.20,150020,3663602919117,https://www.bricodepot.fr/catalogue/corde-tressee-pp-10-m-x-5-mm/prod49132/
Diall,"Ficelle pp blanche 80m-2,5mm - Diall",5.20,150029,3663602919599,https://www.bricodepot.fr/catalogue/ficelle-pp-blanche-80m-25mm/prod49141/
Diall,Corde torsadée PP - 50 m x 10 mm - Vert - Diall,5.20,150139,3663602919384,https://www.bricodepot.fr/catalogue/corde-torsadee-pp-50-m-x-10-mm-vert/prod49342/
Diall,Corde torsadée PP - 25 m x 8 mm - Vert - Diall,5.20,150022,3663602919285,https://www.bricodepot.fr/catalogue/corde-torsadee-pp-25-m-x-8-mm-vert/prod49134/
Diall,Corde a linge metal plastifiee 10m-3mm - Diall,5.20,150144,3663602921493,https://www.bricodepot.fr/catalogue/corde-a-linge-metal-plastifiee-10m-3mm/prod49227/
Diall,Ficelle fibre naturelle 36 m - 2 mm - Diall,5.20,150033,3663602919674,https://www.bricodepot.fr/catalogue/ficelle-fibre-naturelle-36-m-2-mm/prod49145/
Diall,"Corde tressée pp 20 m - 2,8 mm - Diall",5.20,150129,3663602919032,https://www.bricodepot.fr/catalogue/corde-tressee-pp-20-m-28-mm/prod49332/
Diall,Corde torsadée PP - 60 m x 20 mm - Diall,5.20,150140,3601651501402,https://www.bricodepot.fr/catalogue/corde-torsadee-pp-60-m-x-20-mm/prod49343/
Diall,"Ficelle coton 30m - 2,5mm - Diall",5.20,150027,3663602919520,https://www.bricodepot.fr/catalogue/ficelle-coton-30m-25mm/prod49139/
Diall,"Ficelle coton 60m - 1,5mm - Diall",5.20,150026,3663602919513,https://www.bricodepot.fr/catalogue/ficelle-coton-60m-15mm/prod49138/
Diall,Corde tressée pp 15 m - 8 mm - Diall,5.20,150133,3663602919179,https://www.bricodepot.fr/catalogue/corde-tressee-pp-15-m-8-mm/prod49336/
Diall,Corde tressée pp 15 m - 10 mm - Diall,5.20,150134,3663602919193,https://www.bricodepot.fr/catalogue/corde-tressee-pp-15-m-10-mm/prod49337/
Diall,Corde à linge métal plastifiée - 20 m x 3 mm - Diall,5.20,150034,3663602921486,https://www.bricodepot.fr/catalogue/corde-a-linge-metal-plastifiee-20-m-x-3-mm/prod49146/
Diall,"Ficelle fibre naturelle 45m-2,8mm - Diall",5.20,150031,3663602919650,https://www.bricodepot.fr/catalogue/ficelle-fibre-naturelle-45m-28mm/prod49143/
,Corde tressée pp 15 m - 12 mm,5.20,150135,3663602919209,https://www.bricodepot.fr/catalogue/corde-tressee-pp-15-m-12-mm/prod49338/
,Corde torsadée PP - 20 m x Diam. 6 mm,5.20,150021,3663602919216,https://www.bricodepot.fr/catalogue/corde-torsadee-pp-20-m-x-diam-6-mm/prod49133/
Diall,"Ficelle fibre naturelle 180m-2,8mm - Diall",5.20,150032,3663602919667,https://www.bricodepot.fr/catalogue/ficelle-fibre-naturelle-180m-28mm/prod49144/
Diall,"Ficelle 85m-1,2mm - Diall",5.20,150030,3663602919612,https://www.bricodepot.fr/catalogue/ficelle-85m-12mm/prod49142/
Diall,"Corde PP - 90 m x 1,6 mm - Diall",5.20,150023,3663602919582,https://www.bricodepot.fr/catalogue/corde-pp-90-m-x-16-mm/prod49135/
GoodHome,"Kit barre à rideau extensible ""Antiki"" boule 200/330 cm - GoodHome",10.90,130536,3663602454083,https://www.bricodepot.fr/catalogue/kit-barre-a-rideau-extensible-antiki-boule-200330-cm/prod63066/
GoodHome,"Kit barre à rideau double ""Antiki"" boule, 120/210 cm - GoodHome",10.90,130537,3663602454090,https://www.bricodepot.fr/catalogue/kit-barre-a-rideau-double-antiki-boule-120210-cm/prod63067/
GoodHome,"Kit 4 barres à rideau double extensible ""Antiki"" boule 200/330 cm - GoodHome",10.90,130538,3663602454106,https://www.bricodepot.fr/catalogue/kit-4-barres-a-rideau-double-extensible-antiki-boule-200330-cm/prod63068/
GoodHome,"Kit barre à rideau extensible ""Antiki"" boule 120/210 cm - GoodHome",10.90,130539,3663602454113,https://www.bricodepot.fr/catalogue/kit-barre-a-rideau-extensible-antiki-boule-120210-cm/prod63069/
GoodHome,"Kit barre à rideau extensible ""Antiki"" 4 supports boule 200/330 cm - GoodHome",10.90,130540,3663602454120,https://www.bricodepot.fr/catalogue/kit-barre-a-rideau-extensible-antiki-4-supports-boule-200330-cm/prod63070/
GoodHome,"Kit barre simple extensible 16/19 ""Antiki"", 120/210 - GoodHome",10.90,130541,3663602454137,https://www.bricodepot.fr/catalogue/kit-barre-simple-extensible-1619-antiki-120210/prod63071/
GoodHome,"Kit barre simple extensible embout glace 16/19 ""Antiki"", 200/330 - GoodHome",10.90,130542,3663602454144,https://www.bricodepot.fr/catalogue/kit-barre-simple-extensible-embout-glace-1619-antiki-200330/prod63072/
GoodHome,"Kit barre simple extensible embout boule 25/28 ""Antiki"", 120/210 - GoodHome",10.90,130543,3663602454151,https://www.bricodepot.fr/catalogue/kit-barre-simple-extensible-embout-boule-2528-antiki-120210/prod63073/
GoodHome,"barre simple extensible embout boule 25/28 Kit ""Antiki"", 200/330 - GoodHome",10.90,130544,3663602454168,https://www.bricodepot.fr/catalogue/barre-simple-extensible-embout-boule-2528-kit-antiki-200330/prod63074/
GoodHome,"Kit barre à rideau double extensible ""Antiki"" boule 120/210 cm - GoodHome",10.90,130545,3663602454175,https://www.bricodepot.fr/catalogue/kit-barre-a-rideau-double-extensible-antiki-boule-120210-cm/prod63075/
GoodHome,"Kit barre à rideau double extensible ""Antiki"" boule 200/330 cm - GoodHome",10.90,130546,3663602454182,https://www.bricodepot.fr/catalogue/kit-barre-a-rideau-double-extensible-antiki-boule-200330-cm/prod63076/
GoodHome,"Kit barre à rideau extensible ""Antiki"" poire, 120/210 cm - GoodHome",10.90,130547,3663602454199,https://www.bricodepot.fr/catalogue/kit-barre-a-rideau-extensible-antiki-poire-120210-cm/prod63077/
GoodHome,"Kit barre à rideau extensible ""Antiki"" poire 200/330 cm - GoodHome",10.90,130548,3663602454205,https://www.bricodepot.fr/catalogue/kit-barre-a-rideau-extensible-antiki-poire-200330-cm/prod63078/
GoodHome,Lot 2 supports tringle vitrage adhésifs - GoodHome,10.90,130549,3663602454458,https://www.bricodepot.fr/catalogue/lot-2-supports-tringle-vitrage-adhesifs/prod63079/
,Tringle vitrage blanche mat 70-100 cm,10.90,130550,3663602454465,https://www.bricodepot.fr/catalogue/tringle-vitrage-blanche-mat-70-100-cm/prod63080/
,Ensemble de tringles 50/80 blanc mat,10.90,130551,3663602454472,https://www.bricodepot.fr/catalogue/ensemble-de-tringles-5080-blanc-mat/prod63081/
GoodHome,"Kit barre de rideau embout boule 70/100 ""Dokos"" Nickel - GoodHome",10.90,130552,3663602454496,https://www.bricodepot.fr/catalogue/kit-barre-de-rideau-embout-boule-70100-dokos-nickel-/prod63082/
GoodHome,"Kit barre de rideau embout boule 50/80 ""Dokos"" Nickel - GoodHome",10.90,130553,3663602454502,https://www.bricodepot.fr/catalogue/kit-barre-de-rideau-embout-boule-5080-dokos-nickel-/prod63083/
GoodHome,"Tringle vitrage ""Dokos"" stick 70-100 cm - GoodHome",10.90,130554,3663602454540,https://www.bricodepot.fr/catalogue/tringle-vitrage-dokos-stick-70-100-cm/prod63084/
GoodHome,"Tringle vitrage ""Dokos"" stick 50-80 cm - GoodHome",10.90,130555,3663602454557,https://www.bricodepot.fr/catalogue/tringle-vitrage-dokos-stick-50-80-cm/prod63085/
GoodHome,"Tringle vitrage ""Konera"" métal 70-100 cm - GoodHome",10.90,130556,3663602455134,https://www.bricodepot.fr/catalogue/tringle-vitrage-konera-metal-70-100-cm/prod63086/
GoodHome,"Tringle vitrage ""Konera"" metal 50-80 cm - GoodHome",10.90,130557,3663602455141,https://www.bricodepot.fr/catalogue/tringle-vitrage-konera-metal-50-80-cm/prod63087/
GoodHome,"Tringle vitrage ""Konera"" blanc 50-80 cm - GoodHome",10.90,130558,3663602455219,https://www.bricodepot.fr/catalogue/tringle-vitrage-konera-blanc-50-80-cm/prod63088/
GoodHome,"Tringle vitrage ""Konera"" blanc 30-50 cm - GoodHome",10.90,130559,3663602455226,https://www.bricodepot.fr/catalogue/tringle-vitrage-konera-blanc-30-50-cm/prod63089/
,Lot 2 tringles vitrage blanches 70 à 100 cm,10.90,130560,3663602455301,https://www.bricodepot.fr/catalogue/lot-2-tringles-vitrage-blanches-70-a-100-cm/prod63090/
,Lot 2 tringles vitrage blanches 50-80 cm,10.90,130561,3663602455318,https://www.bricodepot.fr/catalogue/lot-2-tringles-vitrage-blanches-50-80-cm/prod63091/
,Lot 2 tringles vitrage blanches 30-50 cm,10.90,130562,3663602455325,https://www.bricodepot.fr/catalogue/lot-2-tringles-vitrage-blanches-30-50-cm/prod63092/
,Lot 4 supports tringle vitrage adhésifs,10.90,130563,3663602455332,https://www.bricodepot.fr/catalogue/lot-4-supports-tringle-vitrage-adhesifs/prod63093/
GoodHome,Kit barre à rideau extensible embout boule Anafi 120/210 cm - GoodHome,10.90,130568,3663602456131,https://www.bricodepot.fr/catalogue/kit-barre-a-rideau-extensible-embout-boule-anafi-120210-cm-/prod63098/
GoodHome,Kit barre à rideau extensible embout boule Anafi 200/330 cm - GoodHome,10.90,130569,3663602456148,https://www.bricodepot.fr/catalogue/kit-barre-a-rideau-extensible-embout-boule-anafi-200330-cm-/prod63099/
GoodHome,Kit barre à rideau extensible embout cône Anafi 120/210 cm - GoodHome,10.90,130570,3663602456155,https://www.bricodepot.fr/catalogue/kit-barre-a-rideau-extensible-embout-cone-anafi-120210-cm-/prod63100/
GoodHome,Kit barre à rideau extensible embout cône Anafi 200/330 cm - GoodHome,10.90,130571,3663602456162,https://www.bricodepot.fr/catalogue/kit-barre-a-rideau-extensible-embout-cone-anafi-200330-cm-/prod63101/
GoodHome,"2 supports pour caisson volet ""Ikaria"" en nickel brossé - GoodHome",10.90,130576,3663602454946,https://www.bricodepot.fr/catalogue/2-supports-pour-caisson-volet-ikaria-en-nickel-brosse/prod63106/
GoodHome,"Barre à rideau extensible ""Ikaria"", blanc mat, 100/150 cm - GoodHome",10.90,130577,3663602454991,https://www.bricodepot.fr/catalogue/barre-a-rideau-extensible-ikaria-blanc-mat-100150cm/prod63107/
,Kit barre à rideau 200 cm effet noyer,10.90,130578,3663602455233,https://www.bricodepot.fr/catalogue/kit-barre-a-rideau-200cm-effet-noyer/prod63108/
,Kit barre à rideau 150 cm effet noyer,10.90,130579,3663602455240,https://www.bricodepot.fr/catalogue/kit-barre-a-rideau-150cm-effet-noyer/prod63109/
,Kit barre à rideau 200 cm en bois peint blanc,10.90,130580,3663602455257,https://www.bricodepot.fr/catalogue/kit-barre-a-rideau-200cm-en-bois-peint-blanc/prod63110/
,Kit barre à rideau 150 cm en bois peint blanc,10.90,130581,3663602455264,https://www.bricodepot.fr/catalogue/kit-barre-a-rideau-150cm-en-bois-peint-blanc/prod63111/
,Kit barre à rideau 200 cm en hêtre brut,10.90,130582,3663602455271,https://www.bricodepot.fr/catalogue/kit-barre-a-rideau-200cm-en-hetre-brut/prod63112/
,Kit barre à rideau 150 cm en hêtre brut,10.90,130583,3663602455288,https://www.bricodepot.fr/catalogue/kit-barre-a-rideau-150cm-en-hetre-brut/prod63113/
GoodHome,"Kit barre pour porte ""Ikaria"" 120 cm métal - GoodHome",10.90,130586,3663602457169,https://www.bricodepot.fr/catalogue/kit-barre-pour-porte-ikaria-120-cm-metal/prod63116/
GoodHome,"Barre à rideau extensible ""Ikaria"", nickel brossé, 100/150 cm - GoodHome",10.90,130574,3663602454854,https://www.bricodepot.fr/catalogue/barre-a-rideau-extensible-ikaria-nickel-brosse-100150cm-/prod63104/
,Kir barre à rideau 150 cm bois clair,10.90,101919,5059340927763,https://www.bricodepot.fr/catalogue/kir-barre-a-rideau-150-cm-bois-clair/prod94179/
Grohe,Flexible pvc douche vitalio trend 150cm - Grohe,10.90,503598,4005176605550,https://www.bricodepot.fr/catalogue/flexible-pvc-douche-vitalio-trend-150cm/prod95119/
,Réglette LED miroir salle de bains 40 cm noir,10.90,813610,9002759740610,https://www.bricodepot.fr/catalogue/reglette-led-miroir-salle-de-bains-40-cm-noir/prod94819/
GoodHome,"Supports pour tringle à rideau blanc mat ""Ikaria"" - GoodHome",10.90,130584,3663602457145,https://www.bricodepot.fr/catalogue/supports-pour-tringle-a-rideau-blanc-mat-ikaria/prod63114/
,Kit barre à rideau 200 cm bois blanc,10.90,101924,5059340927961,https://www.bricodepot.fr/catalogue/kit-barre-a-rideau-200-cm-bois-blanc/prod94184/
,Kit barre à rideau 200cm bois clair,10.90,101920,5059340927572,https://www.bricodepot.fr/catalogue/kit-barre-a-rideau-200cm-bois-clair/prod94180/
,Kit barre à rideau 150cm bois blanc,10.90,101923,5059340928142,https://www.bricodepot.fr/catalogue/kit-barre-a-rideau-150cm-bois-blanc/prod94183/
Decayeux,"Boîte aux lettres ""Rbox"" compact - Vert - Decayeux",39.90,100281,3015822211630,https://www.bricodepot.fr/catalogue/boite-aux-lettres-rbox-compact-vert/prod79472/
Decayeux,"Boîte aux lettres ""Pavillon"" - Gris - Decayeux",39.90,161170,3015821132226,https://www.bricodepot.fr/catalogue/boite-aux-lettres-pavillon-gris/prod14532/
Decayeux,"Boîte aux lettres ""Rbox"" double face - Vert - Decayeux",39.90,100276,3015821250333,https://www.bricodepot.fr/catalogue/boite-aux-lettres-rbox-double-face-vert/prod79467/
Decayeux,"Boîte aux lettres ""Salva"" double face - Pierre - Decayeux",39.90,100294,3015821258247,https://www.bricodepot.fr/catalogue/boite-aux-lettres-salva-double-face-pierre/prod79482/
Decayeux,"Boîte aux lettres ""Dome"" double face - Gris - Decayeux",39.90,100292,3015821249337,https://www.bricodepot.fr/catalogue/boite-aux-lettres-dome-double-face-gris/prod79480/
Decayeux,"Boîte aux lettres ""Salva"" simple face - Pierre - Decayeux",39.90,100273,3015821258049,https://www.bricodepot.fr/catalogue/boite-aux-lettres-salva-simple-face-pierre/prod79464/
Decayeux,"Boîte aux lettres ""Salva"" simple face - Noir - Decayeux",39.90,100274,3015821258094,https://www.bricodepot.fr/catalogue/boite-aux-lettres-salva-simple-face-noir/prod79465/
Decayeux,"Boîte aux lettres ""Rbox"" simple face - Vert - Decayeux",39.90,100278,3015821250135,https://www.bricodepot.fr/catalogue/boite-aux-lettres-rbox-simple-face-vert/prod79469/
Decayeux,"Boîte aux lettres ""Zephyr"" double face - Blanc - Decayeux",39.90,100275,3015821250319,https://www.bricodepot.fr/catalogue/boite-aux-lettres-zephyr-double-face-blanc/prod79466/
Decayeux,"Boîte aux lettres ""Rbox"" compact - Pierre - Decayeux",39.90,100279,3015822211623,https://www.bricodepot.fr/catalogue/boite-aux-lettres-rbox-compact-pierre/prod79470/
Decayeux,"Boîte aux lettres ""Rbox"" compact - Gris - Decayeux",39.90,100280,3015822211678,https://www.bricodepot.fr/catalogue/boite-aux-lettres-rbox-compact-gris/prod79471/
Decayeux,"Boîte aux lettres ""Missive"" métal laqué - Decayeux",39.90,161177,3015821111429,https://www.bricodepot.fr/catalogue/boite-aux-lettres-missive-metal-laque/prod1838/
Decayeux,"Boîte aux lettres ""Salva"" double face - Gris - Decayeux",39.90,100302,3015821258278,https://www.bricodepot.fr/catalogue/boite-aux-lettres-salva-double-face-gris/prod79486/
Decayeux,"Boîte aux lettres ""Rbox"" simple face - Blanc - Decayeux",39.90,100277,3015821250111,https://www.bricodepot.fr/catalogue/boite-aux-lettres-rbox-simple-face-blanc/prod79468/
Decayeux,"Boîte aux lettres collective ""Hexagone"" - Decayeux",39.90,115716,3015823500467,https://www.bricodepot.fr/catalogue/boite-aux-lettres-collective-hexagone/prod40029/
Decayeux,"Boîte aux lettres ""Salva"" simple face - Gris - Decayeux",39.90,100303,3015821258070,https://www.bricodepot.fr/catalogue/boite-aux-lettres-salva-simple-face-gris/prod79487/
Decayeux,Boîte aux lettres simple face abattante beige - Decayeux,39.90,161707,3015821231134,https://www.bricodepot.fr/catalogue/boite-aux-lettres-simple-face-abattante-beige/prod1777/
,Boite aux lettres gris anthracite,39.90,102210,3572010509271,https://www.bricodepot.fr/catalogue/boite-aux-lettres-gris-anthracite/prod96026/
,Boite aux lettres biege,39.90,102211,3572010509479,https://www.bricodepot.fr/catalogue/boite-aux-lettres-biege/prod96027/
GoodHome,LED intérieur caisson l 40cm caraway - GoodHome,64.90,303300,5059340090788,https://www.bricodepot.fr/catalogue/led-interieur-caisson-l-40cm-caraway/prod78273/
,"Rond béton crénelé acier laminé - L. 2 m, 8 mm",7.70,104706,3232630207505,https://www.bricodepot.fr/catalogue/rond-beton-crenele-acier-lamine-l-2-m-8-mm/prod74653/
Varta,Pile spécifique 6v 430 (4r25) - Varta,3.90,871091,4008496171385,https://www.bricodepot.fr/catalogue/pile-specifique-6v-430-4r25/prod37825/
Varta,Pile spécifique 6v 540 (4r25-2) - Varta,3.90,871090,4008496165629,https://www.bricodepot.fr/catalogue/pile-specifique-6v-540-4r25-2/prod37824/
Varta,Pile alcaline 3lr12 longlife extra longlife extra - Varta,3.90,871099,4008496672622,https://www.bricodepot.fr/catalogue/pile-alcaline-3lr12-longlife-extra-longlife-extra/prod37833/
Varta,"Pile alcaline ""LongLife Power"" - 4.5 V - Varta",3.90,871106,4008496559947,https://www.bricodepot.fr/catalogue/pile-alcaline-longlife-power-45-v/prod37802/
Diall,Pile alcaline 9V/6LR61 avec une puissance de 9V - Diall,3.90,871158,3663602902294,https://www.bricodepot.fr/catalogue/pile-alcaline9v6lr61-avec-une-puissance-de-9v/prod46294/
Diall,"Lot de 2 piles alcalines D/LR20 avec une puissance de 1,5 V - Diall",3.90,871157,3663602902287,https://www.bricodepot.fr/catalogue/lot-de-2-piles-alcalinesdlr20-avec-une-puissance-de-15-v/prod46293/
Diall,"Lot de 2 piles alcalines C/LR14 avec une puissance de 1,5 V - Diall",3.90,871156,3663602902270,https://www.bricodepot.fr/catalogue/lot-de-2-piles-alcalinesclr14-avec-une-puissance-de-15-v/prod46292/
Diall,"Lot de 12 piles alcalines AA/LR6 dont 4 piles gratuites, avec une puissance de 1,5V/pile MDD DIALL - Diall",3.90,871154,3663602902256,https://www.bricodepot.fr/catalogue/lot-de-12-piles-alcalinesaalr6-dont-4-piles-gratuites-avec-une-puissance-de-15vpile-mdd-diall/prod46290/
Diall,"Lot de 4 piles alcalines AA/LR6 avec une puissance de 1,5 V - Diall",3.90,871153,3663602902249,https://www.bricodepot.fr/catalogue/lot-de-4-piles-alcalinesaalr6-avec-une-puissance-de-15-v/prod46289/
Diall,"Lot de 12 piles alcalines AAA/LR03, dont 4 gratuites, avec une puissance de 1,5V/pile MDD DIALL - Diall",3.90,871151,3663602902225,https://www.bricodepot.fr/catalogue/lot-de-12-piles-alcalinesaaalr03-dont-4-gratuites-avec-une-puissance-de-15vpile-mdd-diall/prod46287/
Diall,"Lot de 4 piles alcalines AAA/LR03 avec une puissance de 1,5 V - Diall",3.90,871150,3663602902218,https://www.bricodepot.fr/catalogue/lot-de-4-piles-alcalinesaaalr03-avec-une-puissance-de-15-v/prod46286/
Diall,Pile Carbone Zinc 6V / 4R25 à ressort - Diall,3.90,871160,3663602902348,https://www.bricodepot.fr/catalogue/pile-carbone-zinc-6v-4r25-a-ressort/prod46029/
Diall,"Pile carbon zinc 4,5v/3r12 - Diall",3.90,871159,3663602902324,https://www.bricodepot.fr/catalogue/pile-carbon-zinc-45v3r12/prod46028/
Varta,"Lot de 4 piles alcalines AAA/LR03 ""LongLife Power"" - Varta",3.90,871101,4008496559749,https://www.bricodepot.fr/catalogue/lot-de-4-piles-alcalines-aaalr03-longlife-power/prod37835/
Varta,"Kit chargeur prise pour 2 ou 4 piles AA/AAA , livré avec 4 piles AA/LR6 2100 MAH - Varta",3.90,871116,4008496850723,https://www.bricodepot.fr/catalogue/kit-chargeur-prise-pour-2-ou-4-piles-aaaaa-livre-avec-4-pilesaalr6-2100-mah/prod37812/
Varta,"Lot de 8 piles alcalines AA/LR6 ""LongLife Power"" - Varta",3.90,871108,4008496559510,https://www.bricodepot.fr/catalogue/lot-de-8-piles-alcalines-aalr6-longlife-power/prod37804/
Varta,"Lot de 8 piles alcalines AAA/LR03 ""LongLife Power"" - Varta",3.90,871107,4008496559787,https://www.bricodepot.fr/catalogue/lot-de-8-piles-alcalines-aaalr03-longlife-power/prod37803/
Varta,"Pile alcaline ""LongLife Power"" - 9V/6LR61 - Varta",3.90,871105,4008496559862,https://www.bricodepot.fr/catalogue/pile-alcaline-longlife-power-9v6lr61/prod37801/
Varta,"Lot de 2 piles alcalines D/LR20 ""LongLife Power"" - Varta",3.90,871104,4008496559237,https://www.bricodepot.fr/catalogue/lot-de-2-piles-alcalines-dlr20-longlife-power/prod37800/
Varta,"Lot de 2 piles alcalines C/LR14 ""LongLife Power"" - Varta",3.90,871103,4008496559312,https://www.bricodepot.fr/catalogue/lot-de-2-piles-alcalines-clr14-longlife-power/prod37799/
Varta,"Lot de 4 piles alcalines AA/LR6 ""LongLife Power"" - Varta",3.90,871102,4008496559435,https://www.bricodepot.fr/catalogue/lot-de-4-piles-alcalines-aalr6-longlife-power/prod37798/
Varta,"Lot de 4 piles rechargeables AAA/HR3 800 mAh 1,20V R2U - Varta",3.90,871120,4008496550616,https://www.bricodepot.fr/catalogue/lot-de-4-piles-rechargeables-aaahr3-800-mah-120v-r2u/prod37756/
Varta,"Lot de 4 piles rechargeables AA/HR6 2100 mAh 1,20 V R2U - Varta",3.90,871119,4008496550692,https://www.bricodepot.fr/catalogue/lot-de-4-piles-rechargeables-aahr6-2100-mah-120-v-r2u/prod37742/
Diall,Lot de 8 piles alcalines AAA/LR03 - Diall,3.90,816110,3663602479871,https://www.bricodepot.fr/catalogue/lot-de-8-piles-alcalines-aaalr03/prod62935/
Diall,Pile bouton lithium CR2016 3V pour une haute performance - Diall,3.90,816112,3663602481386,https://www.bricodepot.fr/catalogue/pile-bouton-lithium-cr2016-3v-pour-une-haute-performance/prod62937/
Diall,Pile bouton lithium CR2025 3V pour une haute performance - Diall,3.90,816113,3663602481393,https://www.bricodepot.fr/catalogue/pile-bouton-lithium-cr2025-3v-pour-une-haute-performance/prod62938/
Diall,Pile bouton lithium CR2032 3V pour une haute performance - Diall,3.90,816114,3663602494386,https://www.bricodepot.fr/catalogue/pile-bouton-lithium-cr2032-3v-pour-une-haute-performance/prod62939/
Diall,Pile bouton lithium CR2430 3V pour une haute performance - Diall,3.90,816115,3663602481416,https://www.bricodepot.fr/catalogue/pile-bouton-lithium-cr2430-3v-pour-une-haute-performance/prod62940/
Diall,Pile bouton lithium CR2450 3V pour une haute performance - Diall,3.90,816116,3663602481423,https://www.bricodepot.fr/catalogue/pile-bouton-lithium-cr2450-3v-pour-une-haute-performance/prod62941/
Diall,Pile alcaline V27A 12V / MN27 - Diall,3.90,816119,3663602481478,https://www.bricodepot.fr/catalogue/pile-alcaline-v27a-12v-mn27/prod62944/
Diall,Pile alcaline V23GA 12V / MN21 - Diall,3.90,816118,3663602481447,https://www.bricodepot.fr/catalogue/pile-alcaline-v23ga-12v-mn21/prod62943/
Diall,"Pile alcaline LR44 1,5 V - Diall",3.90,816117,3663602481430,https://www.bricodepot.fr/catalogue/pile-alcaline-lr44-15-v/prod62942/
Diall,Lot de 8 piles alcalines AA/LR06 - Diall,3.90,816111,3663602479888,https://www.bricodepot.fr/catalogue/lot-de-8-piles-alcalines-aalr06/prod62936/
Diall,Lot de 24 piles alcalines AAA - LR03 - Diall,3.90,871149,3663602770886,https://www.bricodepot.fr/catalogue/lot-de-24-piles-alcalines-aaa-lr03/prod60130/
Diall,24 piles AA - Diall,3.90,871148,3663602770893,https://www.bricodepot.fr/catalogue/24-piles-aa/prod60129/
Varta,24 piles LR6 Alcaline Energy - Varta,3.90,870502,4008496634712,https://www.bricodepot.fr/catalogue/24-piles-lr6-alcaline-energy/prod38703/
Varta,24 piles LR03 Alcaline Energy - Varta,3.90,870503,4008496634729,https://www.bricodepot.fr/catalogue/24-piles-lr03-alcaline-energy/prod38704/
Energizer,Pack de 6 piles alcalines AA - Energizer,3.90,802067,7638900437706,https://www.bricodepot.fr/catalogue/pack-de-6-piles-alcalines-aa/prod92223/
Energizer,Pack de 6 piles alcalines AAA Energizer Max - Energizer,3.90,802068,7638900437966,https://www.bricodepot.fr/catalogue/pack-de-6-piles-alcalines-aaa-energizer-max/prod92224/
Energizer,Pack de 1 pile alcaline 9V - Energizer,3.90,802069,7638900426663,https://www.bricodepot.fr/catalogue/pack-de-1-pile-alcaline-9v/prod92225/
Energizer,Pile Energizer CR22032 - X2 - Energizer,3.90,802070,7638900248357,https://www.bricodepot.fr/catalogue/pile-energizer-cr22032-x2/prod92226/
Energizer,Pile Energizer LR44 - X2 - Energizer,3.90,802071,7638900083071,https://www.bricodepot.fr/catalogue/pile-energizer-lr44-x2/prod92227/
Energizer,Pile Max AA - Pack de 4 - Energizer,3.90,801852,7638900437645,https://www.bricodepot.fr/catalogue/pile-max-aa-pack-de-4/prod89336/
,Tube rond acier profilé AF - 16 x 1 mm 2 m,7.70,104714,3232630203408,https://www.bricodepot.fr/catalogue/tube-rond-acier-profile-af-16-x-1-mm-2-m/prod74661/
,"Cornière fer laminé à chaud - L. 2,5 m, l. 2,5 x P. 2,5 cm",7.70,104674,3232637109055,https://www.bricodepot.fr/catalogue/corniere-fer-lamine-a-chaud-l-25-m-l-25-x-p-25-cm/prod74621/
,"Plat acier laminé à chaud, L. 2,5 m, l. 2 cm",7.70,104682,3232637108706,https://www.bricodepot.fr/catalogue/plat-acier-lamine-a-chaud-l-25-m-l-2-cm/prod74629/
,Plat aluminium brut - 40 x 2 mm 2 m Argent,7.70,104542,3232630602850,https://www.bricodepot.fr/catalogue/plat-aluminium-brut-40-x-2-mm-2-m-argent/prod74489/
,"Tôle acier galva lisse 500 x 1000 mm 0,55 mm",7.70,104731,3232630221457,https://www.bricodepot.fr/catalogue/tole-acier-galva-lisse-500-x-1000-mm-055-mm/prod74678/
,"Cornière PVC blanc - 60 x 60 mm - 2,50 m",7.70,104639,3232637807357,https://www.bricodepot.fr/catalogue/corniere-pvc-blanc-60-x-60-mm-250-m/prod74586/
,"Cornière alu - 25 x 25 x 1,5 mm x 2,50 m",7.70,104525,3232637200301,https://www.bricodepot.fr/catalogue/corniere-alu-25-x-25-x-15-mm-x-250-m/prod74472/
,Tôle métal déployé acier - mailles 6 mm - L. 50 x l. 25 cm,7.70,104743,3232636004504,https://www.bricodepot.fr/catalogue/tole-metal-deploye-acier-mailles-6-mm-l-50-x-l-25-cm/prod74690/
,"Cornière alu - 20 x 15 x 1,5 mm x 2,50 m",7.70,104581,3232637600002,https://www.bricodepot.fr/catalogue/corniere-alu-20-x-15-x-15-mm-x-250-m/prod74528/
,"Tube carré laminé à froid, L. 2,5 m, l. 1,6 x P. 1,6 cm",7.70,104688,3232637109857,https://www.bricodepot.fr/catalogue/tube-carre-lamine-a-froid-l-25-m-l-16-x-p-16-cm/prod74635/
Simpson,Plaque perforée 40x120 mm Ép. 2 mm - Simpson,7.70,160352,5701953365257,https://www.bricodepot.fr/catalogue/plaque-perforee40x120-mm-ep-2mm/prod58521/
,Tube carré alu brut - 20 x 20 mm 2 m,7.70,104566,3232630209653,https://www.bricodepot.fr/catalogue/tube-carre-alu-brut-20-x-20-mm-2-m/prod74513/
,"Tube carré acier PAF verni - L. 1 m, l. 3 x P. 3 cm",7.70,104701,3232630201756,https://www.bricodepot.fr/catalogue/tube-carre-acier-paf-verni-l-1-m-l-3-x-p-3-cm/prod74648/
,Cornière alu brut - 10 x 10 x 1 mm x 2 m,7.70,104544,3232630209257,https://www.bricodepot.fr/catalogue/corniere-alu-brut-10-x-10-x-1-mm-x-2-m/prod74491/
,"Cornière PVC blanc - 15 x 15 mm x 2,50 m",7.70,104628,3232637806909,https://www.bricodepot.fr/catalogue/corniere-pvc-blanc-15-x-15-mm-x-250-m/prod74575/
,"Plat aluminium brut - 30 x 2 mm 2,50 m Argent",7.70,104565,3232637200158,https://www.bricodepot.fr/catalogue/plat-aluminium-brut-30-x-2-mm-250-m-argent/prod74512/
,Cornière aluminium brut damier - 40 x 40 mm x 1 m,7.70,104562,3232637708555,https://www.bricodepot.fr/catalogue/corniere-aluminium-brut-damier-40-x-40-mm-x-1-m/prod74509/
,Cornière aluminium brut damier - 40 x 40 mm x 2 m,7.70,104623,3232637709002,https://www.bricodepot.fr/catalogue/corniere-aluminium-brut-damier-40-x-40-mm-x-2-m/prod74570/
,"Plat en PVC blanc - Dim. 40 x 3 mm, L.2 m",7.70,104632,3232637756754,https://www.bricodepot.fr/catalogue/plat-en-pvc-blanc-dim-40-x-3-mm-l2-m/prod74579/
,"Tube rond acier profilé AF - 20 x 1,2 mm 2 m",7.70,104712,3232630203453,https://www.bricodepot.fr/catalogue/tube-rond-acier-profile-af-20-x-12-mm-2-m/prod74659/
,"Cornière PVC blanc - 20 x 20 mm x 2,50 m",7.70,104528,3232637806503,https://www.bricodepot.fr/catalogue/corniere-pvc-blanc-20-x-20-mm-x-250-m/prod74475/
,"Cornière PVC blanc - 20 x 30 mm x 2,50 m",7.70,104635,3232637807203,https://www.bricodepot.fr/catalogue/corniere-pvc-blanc-20-x-30-mm-x-250-m/prod74582/
,"Tôle alu brut damier 1000 x 500 mm ép. 1,7 mm",7.70,104526,3232637708203,https://www.bricodepot.fr/catalogue/tole-alu-brut-damier-1000-x-500-mm-ep-17-mm/prod74473/
,"Plat acier laminé à chaud, L. 1 m, l. 4 cm",7.70,104681,3232630200759,https://www.bricodepot.fr/catalogue/plat-acier-lamine-a-chaud-l-1-m-l-4-cm/prod74628/
,"Cornière acier laminé - L. 1 m, l. 4 x P. 4 cm",7.70,104695,3232630703151,https://www.bricodepot.fr/catalogue/corniere-acier-lamine-l-1-m-l-4-x-p-4-cm/prod74642/
,"Cornière en PVC blanche 2,40 m - section 15 x 15 mm",7.70,313566,3663602872344,https://www.bricodepot.fr/catalogue/corniere-en-pvc-blanche-240-m-section-15-x-15-mm/prod55042/
,"Cornière PVC blanc - 35 x 35 mm x 2,50 m",7.70,104640,3232637807401,https://www.bricodepot.fr/catalogue/corniere-pvc-blanc-35-x-35-mm-x-250-m/prod74587/
,"Cornière fer laminé à chaud - L. 2,5 m, l. 3 x P. 3 cm",7.70,104672,3232637109109,https://www.bricodepot.fr/catalogue/corniere-fer-lamine-a-chaud-l-25-m-l-3-x-p-3-cm/prod74619/
,"Tube carré laminé à froid , L. 2,5 m, l. 2,5 x P. 2,5 cm",7.70,104678,3232637109956,https://www.bricodepot.fr/catalogue/tube-carre-lamine-a-froid-l-25-m-l-25-x-p-25-cm/prod74625/
,"Cornière en PVC blanche 2,40 m - section 10 x 10 mm",7.70,313565,3663602872337,https://www.bricodepot.fr/catalogue/corniere-en-pvc-blanche-240-m-section-10-x-10-mm/prod55041/
,"Cornière perforée fer blanc - L. 2 m, l. 3,8 x P. 3,8 cm",7.70,104673,3232637402354,https://www.bricodepot.fr/catalogue/corniere-perforee-fer-blanc-l-2-m-l-38-x-p-38-cm/prod74620/
,"Cornière alu - 15 x 15 x 1,5 mm 2,50 m",7.70,104527,3232637200202,https://www.bricodepot.fr/catalogue/corniere-alu-15-x-15-x-15-mm-250-m/prod74474/
,"Cornière PVC blanc - 30 x 30 mm x 2,50 m",7.70,104631,3232637807050,https://www.bricodepot.fr/catalogue/corniere-pvc-blanc-30-x-30-mm-x-250-m/prod74578/
,"Cornière en PVC blanche 2,40 m - section 25 x 25 mm",7.70,313568,3663602872368,https://www.bricodepot.fr/catalogue/corniere-en-pvc-blanche-240-m-section-25-x-25-mm/prod55044/
,"Cornière PVC blanc - 50 x 50 mm x 2,50 m",7.70,104633,3232637807104,https://www.bricodepot.fr/catalogue/corniere-pvc-blanc-50-x-50-mm-x-250-m/prod74580/
,"Cornière PVC blanc - 40 x 40 mm x 2,50 m",7.70,104626,3232637806800,https://www.bricodepot.fr/catalogue/corniere-pvc-blanc-40-x-40-mm-x-250-m/prod74573/
,"Cornière fer laminé à chaud - L. 2,5 m, l. 3,5 x P. 3,5 cm",7.70,104671,3232637109154,https://www.bricodepot.fr/catalogue/corniere-fer-lamine-a-chaud-l-25-m-l-35-x-p-35-cm/prod74618/
,"Tube carré laminé à froid , L. 2,5 m, l. 3 x P. 3 cm",7.70,104677,3232637200004,https://www.bricodepot.fr/catalogue/tube-carre-lamine-a-froid-l-25-m-l-3-x-p-3-cm/prod74624/
,"Nez de marche alu - 45 x 23 mm 2 m Ép. 2,4 mm",7.70,104529,3232637706155,https://www.bricodepot.fr/catalogue/nez-de-marche-alu-45-x-23-mm-2-m-ep-24-mm/prod74476/
,"Cornière alu - 20 x 20 x 1,5 mm x 2,50 m",7.70,104524,3232637200257,https://www.bricodepot.fr/catalogue/corniere-alu-20-x-20-x-15-mm-x-250-m/prod74471/
,"Cornière aluminium anodisé - 10 x 10 x 1 mm 2,50 m",7.70,104536,3232637728058,https://www.bricodepot.fr/catalogue/corniere-aluminium-anodise-10-x-10-x-1-mm-250-m/prod74483/
,"Cornière PVC noir - 30 x 30 mm x 2,50 m",7.70,104641,3232637807456,https://www.bricodepot.fr/catalogue/corniere-pvc-noir-30-x-30-mm-x-250-m/prod74588/
,"Tube carré laminé à froid, L. 2,5 m, l. 2 x P. 2 cm",7.70,104680,3232637109901,https://www.bricodepot.fr/catalogue/tube-carre-lamine-a-froid-l-25-m-l-2-x-p-2-cm/prod74627/
,"Cornière alu - 40 x 40 x 1,5 mm 2,50 m",7.70,104531,3232637727754,https://www.bricodepot.fr/catalogue/corniere-alu-40-x-40-x-15-mm-250-m/prod74478/
,"Cornière alu - 30 x 30 x 1,5 mm 2,50 m",7.70,104523,3232637405003,https://www.bricodepot.fr/catalogue/corniere-alu-30-x-30-x-15-mm-250-m/prod74470/
,"Tube rectangulaire profilé à froid , L. 2,5 m, l. 3,5 x P. 2 cm",7.70,104676,3232637200059,https://www.bricodepot.fr/catalogue/tube-rectangulaire-profile-a-froid-l-25-m-l-35-x-p-2-cm/prod74623/
,"Tube rectangulaire en acier PAF L. 2 m l. 60 mm H. 40 mm Ep. 1,5 mm",7.70,172109,3760003026786,https://www.bricodepot.fr/catalogue/tube-rectangulaire-en-acier-paf-l-2m-l-60mm-h-40mm-ep-15mm/prod57081/
,Plat en aluminium brut L. 1 m l. 15 mm Ep. 2 mm,7.70,172116,3760003020128,https://www.bricodepot.fr/catalogue/plat-en-aluminium-brut-l-1m-l-15mm-ep-2mm/prod57088/
,Profil rigide en U transparent - Long.260 cm Prof.19 mm,7.70,302794,3354766700740,https://www.bricodepot.fr/catalogue/profil-rigide-en-u-transparent-long260-cm-prof19-mm/prod82346/
GoodHome,LED intérieur caisson l60cm caraway - GoodHome,64.90,303301,5059340090801,https://www.bricodepot.fr/catalogue/led-interieur-caisson-l60cm-caraway/prod78274/
GoodHome,système éclairage LED sous étagère x5 caraway - GoodHome,64.90,303392,5059340090849,https://www.bricodepot.fr/catalogue/systeme-eclairage-led-sous-etagere-x5-caraway/prod78660/
Colours,"Réglette à détection silver - l. 4,2 x L. 30 cm - Colours",64.90,842149,3663602761679,https://www.bricodepot.fr/catalogue/reglette-a-detection-silver-l-42-x-l-30-cm/prod54881/
Colours,"Réglette à détection ""Upha"" - l. 4,2 x 60 cm - Colours",64.90,842150,3663602761686,https://www.bricodepot.fr/catalogue/reglette-a-detection-upha-l-42-x-60-cm/prod54882/
Colours,Eclairage placard upha led 90cm sensor 90 cm - Colours,64.90,842151,3663602761693,https://www.bricodepot.fr/catalogue/eclairage-placard-upha-led-90cm-sensor-90-cm/prod54883/
Colours,Eclairage placard upha led 120cm sensor 120 cm - Colours,64.90,842152,3663602761709,https://www.bricodepot.fr/catalogue/eclairage-placard-upha-led-120cm-sensor-120-cm/prod54884/
,Panneau de chantier - permis de construire,9.30,281190,3463521072005,https://www.bricodepot.fr/catalogue/panneau-de-chantier-permis-de-construire/prod317/
Blooma,"Pieu de maillage noir - H. 1,30 m x Ø 12 mm - Blooma",9.30,900660,3663602731016,https://www.bricodepot.fr/catalogue/pieu-de-maillage-noir-h-130-m-x--12-mm/prod53481/
Colours,Lot de 3 spots orientables LED - Blanc - Colours,49.90,845369,3663602804505,https://www.bricodepot.fr/catalogue/lot-de-3-spots-orientables-led-blanc/prod52875/
Colours,Lot de 3 spots orientables - Chrome brossé - Colours,49.90,845371,3663602804529,https://www.bricodepot.fr/catalogue/lot-de-3-spots-orientables-chrome-brosse/prod52877/
Colours,Anneau métal orientable or brossé ip20 (ykrs413aa) - Colours,49.90,845379,3663602804406,https://www.bricodepot.fr/catalogue/anneau-metal-orientable-or-brosse-ip20-ykrs413aa/prod52885/
Colours,Anneau métal orientable alu brossé ip20 (ykrs413ab) - Colours,49.90,845380,3663602804390,https://www.bricodepot.fr/catalogue/anneau-metal-orientable-alu-brosse-ip20-ykrs413ab/prod52886/
Colours,Spot orientable LED intégrée IP20 - Blanc  - Colours,49.90,845366,3663602804475,https://www.bricodepot.fr/catalogue/spot-orientable-led-integree-ip20-blanc-/prod52924/
Colours,Spot orientable chromé led intégrée IP20 - Colours,49.90,845367,3663602804482,https://www.bricodepot.fr/catalogue/spot-orientable-chrome-led-integree-ip20/prod52925/
Colours,Spot orientable chrome brossé led intégrée IP20 - Colours,49.90,845368,3663602804499,https://www.bricodepot.fr/catalogue/spot-orientable-chrome-brosse-led-integree-ip20/prod52926/
Colours,Anneau métal inclinable chromé ip20 (ykrs413ac) - Colours,49.90,845381,3663602804383,https://www.bricodepot.fr/catalogue/anneau-metal-inclinable-chrome-ip20-ykrs413ac/prod52927/
Colours,Anneau métal inclinable blanc ip20 (ykrs413aw) - Colours,49.90,845382,3663602804376,https://www.bricodepot.fr/catalogue/anneau-metal-inclinable-blanc-ip20-ykrs413aw/prod52928/
Colours,3 spots ronds esmo led int alu brosse - colours - Colours,49.90,842153,3663602761785,https://www.bricodepot.fr/catalogue/3-spots-ronds-esmo-led-int-alu-brosse-colours/prod54885/
Colours,Lot de 3 spots extraplats LED intégrée fixes* - Blanc - Colours,49.90,800280,3663602770701,https://www.bricodepot.fr/catalogue/lot-de-3-spots-extraplats-led-integree-fixes-blanc/prod58908/
Colours,"Lot de 3 spots extraplats LED, à encastrer IP20 gris - Colours",49.90,800281,3663602770718,https://www.bricodepot.fr/catalogue/lot-de-3-spots-extraplats-led-a-encastrer-ip20-gris/prod58909/
Colours,"Spot à encastrer extra plat rond led intégrée ""Octave"" argenté Ø 17 cm - Colours",49.90,800283,3663602770756,https://www.bricodepot.fr/catalogue/spot-a-encastrer-extra-plat-rond-led-integree-octave-argente--17-cm/prod58911/
Colours,Spot LED rond extra-plat 22 W - Blanc - Colours,49.90,800287,3663602770824,https://www.bricodepot.fr/catalogue/spot-led-rond-extra-plat-22-w-blanc/prod58915/
Colours,"Spot à encastrer extra plat rond led intégrée ""Octave"" argenté Ø 22,5 cm - Colours",49.90,800288,3663602770831,https://www.bricodepot.fr/catalogue/spot-a-encastrer-extra-plat-rond-led-integree-octave-argente--225-cm/prod58916/
Colours,3 spots encastrables double intensité IP20 chrome - Colours,49.90,842025,3663602460602,https://www.bricodepot.fr/catalogue/3-spots-encastrables-double-intensite-ip20-chrome/prod62462/
Colours,Spot à encastrer LED carré - Aluminium - Colours,49.90,842030,3663602460671,https://www.bricodepot.fr/catalogue/spot-a-encastrer-led-carre-aluminium/prod62467/
Colours,"Anneau carré orientable alu brosse pour spot diamètre 8,5 cm - Colours",49.90,845383,3663602804437,https://www.bricodepot.fr/catalogue/anneau-carre-orientable-alu-brosse-pour-spot-diametre-85-cm/prod52929/
GoodHome,"LED blanc 2700 K pour caisson haut de cuisine ""Caraway"" - GoodHome",49.90,304510,5059340480428,https://www.bricodepot.fr/catalogue/led-blanc-2700-k-pour-caisson-haut-de-cuisine-caraway/prod89201/
Diall,Ruban de signalisation rouge et blanc 50 mm x 100 m - Diall,9.30,200363,5059340046853,https://www.bricodepot.fr/catalogue/ruban-de-signalisation-rouge-et-blanc-50-mm-x-100-m/prod75409/
,Sel de déneigement 25 kg - Quadrimex,9.30,950039,3700363100016,https://www.bricodepot.fr/catalogue/sel-de-deneigement-25-kg-quadrimex/prod55590/
Blooma,Grillage de balisage temporaire H. 1 x L. 10 m - Blooma,9.30,900562,3663602731009,https://www.bricodepot.fr/catalogue/grillage-de-balisage-temporaire-h-1-x-l-10-m/prod54352/
,Fardier en plastique avec bande fluorescente,9.30,281251,3463521061078,https://www.bricodepot.fr/catalogue/fardier-en-plastique-avec-bande-fluorescente/prod353/
,Cône de signalisation orange et blanc pour chantier,9.30,281252,3463521411156,https://www.bricodepot.fr/catalogue/cone-de-signalisation-orange-et-blanc-pour-chantier/prod352/
